category,mean,std,ci_lo,ci_hi,magnitude_mean,variance
benign,-25.2655,2.1673,-30.7056,-21.7396,25.26547542631796,4.697268970871434
harmful,2.1477,1.5417,-1.3473,5.0062,2.2824473668233844,2.376963772107927
jailbreak,0.3433,2.3078,-4.0325,4.5843,1.786962524926569,5.325974891618646
